model_role,run_id,training_group_dropout_p,selected_run_id,selected_group_dropout_p,test_condition,masked_group,class_name,class_f1,num_samples,checkpoint_path,clean_class_f1,class_f1_drop_from_clean,baseline_class_f1,class_f1_vs_baseline
baseline,MS_SPATIAL_DROP_BASELINE,0.0,MS_SPATIAL_DROP_P05,0.5,CLEAN,,AnnualCrop,0.9346153846153846,5400,/home/windhurt/dl_projects/projects/satx-eurosat-geographic-generalization-study/outputs/runs/resnet50_ms_spatial_direct_pretrained_zscore_seed42/best.pt,0.9346153846153846,0.0,0.9346153846153846,0.0
baseline,MS_SPATIAL_DROP_BASELINE,0.0,MS_SPATIAL_DROP_P05,0.5,CLEAN,,Forest,0.9844179651695693,5400,/home/windhurt/dl_projects/projects/satx-eurosat-geographic-generalization-study/outputs/runs/resnet50_ms_spatial_direct_pretrained_zscore_seed42/best.pt,0.9844179651695693,0.0,0.9844179651695693,0.0
baseline,MS_SPATIAL_DROP_BASELINE,0.0,MS_SPATIAL_DROP_P05,0.5,CLEAN,,HerbaceousVegetation,0.9124260355029585,5400,/home/windhurt/dl_projects/projects/satx-eurosat-geographic-generalization-study/outputs/runs/resnet50_ms_spatial_direct_pretrained_zscore_seed42/best.pt,0.9124260355029585,0.0,0.9124260355029585,0.0
baseline,MS_SPATIAL_DROP_BASELINE,0.0,MS_SPATIAL_DROP_P05,0.5,CLEAN,,Highway,0.9672619047619048,5400,/home/windhurt/dl_projects/projects/satx-eurosat-geographic-generalization-study/outputs/runs/resnet50_ms_spatial_direct_pretrained_zscore_seed42/best.pt,0.9672619047619048,0.0,0.9672619047619048,0.0
baseline,MS_SPATIAL_DROP_BASELINE,0.0,MS_SPATIAL_DROP_P05,0.5,CLEAN,,Industrial,0.9629629629629629,5400,/home/windhurt/dl_projects/projects/satx-eurosat-geographic-generalization-study/outputs/runs/resnet50_ms_spatial_direct_pretrained_zscore_seed42/best.pt,0.9629629629629629,0.0,0.9629629629629629,0.0
baseline,MS_SPATIAL_DROP_BASELINE,0.0,MS_SPATIAL_DROP_P05,0.5,CLEAN,,Pasture,0.6483516483516484,5400,/home/windhurt/dl_projects/projects/satx-eurosat-geographic-generalization-study/outputs/runs/resnet50_ms_spatial_direct_pretrained_zscore_seed42/best.pt,0.6483516483516484,0.0,0.6483516483516484,0.0
baseline,MS_SPATIAL_DROP_BASELINE,0.0,MS_SPATIAL_DROP_P05,0.5,CLEAN,,PermanentCrop,0.8019323671497585,5400,/home/windhurt/dl_projects/projects/satx-eurosat-geographic-generalization-study/outputs/runs/resnet50_ms_spatial_direct_pretrained_zscore_seed42/best.pt,0.8019323671497585,0.0,0.8019323671497585,0.0
baseline,MS_SPATIAL_DROP_BASELINE,0.0,MS_SPATIAL_DROP_P05,0.5,CLEAN,,Residential,0.977205153617443,5400,/home/windhurt/dl_projects/projects/satx-eurosat-geographic-generalization-study/outputs/runs/resnet50_ms_spatial_direct_pretrained_zscore_seed42/best.pt,0.977205153617443,0.0,0.977205153617443,0.0
baseline,MS_SPATIAL_DROP_BASELINE,0.0,MS_SPATIAL_DROP_P05,0.5,CLEAN,,River,0.9848942598187311,5400,/home/windhurt/dl_projects/projects/satx-eurosat-geographic-generalization-study/outputs/runs/resnet50_ms_spatial_direct_pretrained_zscore_seed42/best.pt,0.9848942598187311,0.0,0.9848942598187311,0.0
baseline,MS_SPATIAL_DROP_BASELINE,0.0,MS_SPATIAL_DROP_P05,0.5,CLEAN,,SeaLake,0.9859343603482921,5400,/home/windhurt/dl_projects/projects/satx-eurosat-geographic-generalization-study/outputs/runs/resnet50_ms_spatial_direct_pretrained_zscore_seed42/best.pt,0.9859343603482921,0.0,0.9859343603482921,0.0
baseline,MS_SPATIAL_DROP_BASELINE,0.0,MS_SPATIAL_DROP_P05,0.5,VISIBLE,VISIBLE,AnnualCrop,0.8504359490274983,5400,/home/windhurt/dl_projects/projects/satx-eurosat-geographic-generalization-study/outputs/runs/resnet50_ms_spatial_direct_pretrained_zscore_seed42/best.pt,0.9346153846153846,0.08417943558788632,0.8504359490274983,0.0
baseline,MS_SPATIAL_DROP_BASELINE,0.0,MS_SPATIAL_DROP_P05,0.5,VISIBLE,VISIBLE,Forest,0.8621176470588235,5400,/home/windhurt/dl_projects/projects/satx-eurosat-geographic-generalization-study/outputs/runs/resnet50_ms_spatial_direct_pretrained_zscore_seed42/best.pt,0.9844179651695693,0.12230031811074571,0.8621176470588235,0.0
baseline,MS_SPATIAL_DROP_BASELINE,0.0,MS_SPATIAL_DROP_P05,0.5,VISIBLE,VISIBLE,HerbaceousVegetation,0.53501879057055,5400,/home/windhurt/dl_projects/projects/satx-eurosat-geographic-generalization-study/outputs/runs/resnet50_ms_spatial_direct_pretrained_zscore_seed42/best.pt,0.9124260355029585,0.3774072449324085,0.53501879057055,0.0
baseline,MS_SPATIAL_DROP_BASELINE,0.0,MS_SPATIAL_DROP_P05,0.5,VISIBLE,VISIBLE,Highway,0.5975609756097561,5400,/home/windhurt/dl_projects/projects/satx-eurosat-geographic-generalization-study/outputs/runs/resnet50_ms_spatial_direct_pretrained_zscore_seed42/best.pt,0.9672619047619048,0.3697009291521487,0.5975609756097561,0.0
baseline,MS_SPATIAL_DROP_BASELINE,0.0,MS_SPATIAL_DROP_P05,0.5,VISIBLE,VISIBLE,Industrial,0.2773722627737226,5400,/home/windhurt/dl_projects/projects/satx-eurosat-geographic-generalization-study/outputs/runs/resnet50_ms_spatial_direct_pretrained_zscore_seed42/best.pt,0.9629629629629629,0.6855907001892403,0.2773722627737226,0.0
baseline,MS_SPATIAL_DROP_BASELINE,0.0,MS_SPATIAL_DROP_P05,0.5,VISIBLE,VISIBLE,Pasture,0.08633093525179857,5400,/home/windhurt/dl_projects/projects/satx-eurosat-geographic-generalization-study/outputs/runs/resnet50_ms_spatial_direct_pretrained_zscore_seed42/best.pt,0.6483516483516484,0.5620207130998498,0.08633093525179857,0.0
baseline,MS_SPATIAL_DROP_BASELINE,0.0,MS_SPATIAL_DROP_P05,0.5,VISIBLE,VISIBLE,PermanentCrop,0.011204481792717087,5400,/home/windhurt/dl_projects/projects/satx-eurosat-geographic-generalization-study/outputs/runs/resnet50_ms_spatial_direct_pretrained_zscore_seed42/best.pt,0.8019323671497585,0.7907278853570414,0.011204481792717087,0.0
baseline,MS_SPATIAL_DROP_BASELINE,0.0,MS_SPATIAL_DROP_P05,0.5,VISIBLE,VISIBLE,Residential,0.1624548736462094,5400,/home/windhurt/dl_projects/projects/satx-eurosat-geographic-generalization-study/outputs/runs/resnet50_ms_spatial_direct_pretrained_zscore_seed42/best.pt,0.977205153617443,0.8147502799712336,0.1624548736462094,0.0
baseline,MS_SPATIAL_DROP_BASELINE,0.0,MS_SPATIAL_DROP_P05,0.5,VISIBLE,VISIBLE,River,0.9292929292929293,5400,/home/windhurt/dl_projects/projects/satx-eurosat-geographic-generalization-study/outputs/runs/resnet50_ms_spatial_direct_pretrained_zscore_seed42/best.pt,0.9848942598187311,0.05560133052580185,0.9292929292929293,0.0
baseline,MS_SPATIAL_DROP_BASELINE,0.0,MS_SPATIAL_DROP_P05,0.5,VISIBLE,VISIBLE,SeaLake,0.9137181874612043,5400,/home/windhurt/dl_projects/projects/satx-eurosat-geographic-generalization-study/outputs/runs/resnet50_ms_spatial_direct_pretrained_zscore_seed42/best.pt,0.9859343603482921,0.07221617288708782,0.9137181874612043,0.0
baseline,MS_SPATIAL_DROP_BASELINE,0.0,MS_SPATIAL_DROP_P05,0.5,RED_EDGE_NIR,RED_EDGE_NIR,AnnualCrop,0.8800513149454778,5400,/home/windhurt/dl_projects/projects/satx-eurosat-geographic-generalization-study/outputs/runs/resnet50_ms_spatial_direct_pretrained_zscore_seed42/best.pt,0.9346153846153846,0.05456406966990679,0.8800513149454778,0.0
baseline,MS_SPATIAL_DROP_BASELINE,0.0,MS_SPATIAL_DROP_P05,0.5,RED_EDGE_NIR,RED_EDGE_NIR,Forest,0.9241179313678105,5400,/home/windhurt/dl_projects/projects/satx-eurosat-geographic-generalization-study/outputs/runs/resnet50_ms_spatial_direct_pretrained_zscore_seed42/best.pt,0.9844179651695693,0.060300033801758746,0.9241179313678105,0.0
baseline,MS_SPATIAL_DROP_BASELINE,0.0,MS_SPATIAL_DROP_P05,0.5,RED_EDGE_NIR,RED_EDGE_NIR,HerbaceousVegetation,0.8118279569892473,5400,/home/windhurt/dl_projects/projects/satx-eurosat-geographic-generalization-study/outputs/runs/resnet50_ms_spatial_direct_pretrained_zscore_seed42/best.pt,0.9124260355029585,0.10059807851371128,0.8118279569892473,0.0
baseline,MS_SPATIAL_DROP_BASELINE,0.0,MS_SPATIAL_DROP_P05,0.5,RED_EDGE_NIR,RED_EDGE_NIR,Highway,0.9661266568483063,5400,/home/windhurt/dl_projects/projects/satx-eurosat-geographic-generalization-study/outputs/runs/resnet50_ms_spatial_direct_pretrained_zscore_seed42/best.pt,0.9672619047619048,0.001135247913598425,0.9661266568483063,0.0
baseline,MS_SPATIAL_DROP_BASELINE,0.0,MS_SPATIAL_DROP_P05,0.5,RED_EDGE_NIR,RED_EDGE_NIR,Industrial,0.9585121602288984,5400,/home/windhurt/dl_projects/projects/satx-eurosat-geographic-generalization-study/outputs/runs/resnet50_ms_spatial_direct_pretrained_zscore_seed42/best.pt,0.9629629629629629,0.004450802734064507,0.9585121602288984,0.0
baseline,MS_SPATIAL_DROP_BASELINE,0.0,MS_SPATIAL_DROP_P05,0.5,RED_EDGE_NIR,RED_EDGE_NIR,Pasture,0.5217391304347826,5400,/home/windhurt/dl_projects/projects/satx-eurosat-geographic-generalization-study/outputs/runs/resnet50_ms_spatial_direct_pretrained_zscore_seed42/best.pt,0.6483516483516484,0.12661251791686579,0.5217391304347826,0.0
baseline,MS_SPATIAL_DROP_BASELINE,0.0,MS_SPATIAL_DROP_P05,0.5,RED_EDGE_NIR,RED_EDGE_NIR,PermanentCrop,0.5152671755725191,5400,/home/windhurt/dl_projects/projects/satx-eurosat-geographic-generalization-study/outputs/runs/resnet50_ms_spatial_direct_pretrained_zscore_seed42/best.pt,0.8019323671497585,0.28666519157723935,0.5152671755725191,0.0
baseline,MS_SPATIAL_DROP_BASELINE,0.0,MS_SPATIAL_DROP_P05,0.5,RED_EDGE_NIR,RED_EDGE_NIR,Residential,0.9516587677725118,5400,/home/windhurt/dl_projects/projects/satx-eurosat-geographic-generalization-study/outputs/runs/resnet50_ms_spatial_direct_pretrained_zscore_seed42/best.pt,0.977205153617443,0.025546385844931185,0.9516587677725118,0.0
baseline,MS_SPATIAL_DROP_BASELINE,0.0,MS_SPATIAL_DROP_P05,0.5,RED_EDGE_NIR,RED_EDGE_NIR,River,0.8807947019867549,5400,/home/windhurt/dl_projects/projects/satx-eurosat-geographic-generalization-study/outputs/runs/resnet50_ms_spatial_direct_pretrained_zscore_seed42/best.pt,0.9848942598187311,0.10409955783197622,0.8807947019867549,0.0
baseline,MS_SPATIAL_DROP_BASELINE,0.0,MS_SPATIAL_DROP_P05,0.5,RED_EDGE_NIR,RED_EDGE_NIR,SeaLake,0.9245283018867925,5400,/home/windhurt/dl_projects/projects/satx-eurosat-geographic-generalization-study/outputs/runs/resnet50_ms_spatial_direct_pretrained_zscore_seed42/best.pt,0.9859343603482921,0.0614060584614996,0.9245283018867925,0.0
baseline,MS_SPATIAL_DROP_BASELINE,0.0,MS_SPATIAL_DROP_P05,0.5,ATMOSPHERIC,ATMOSPHERIC,AnnualCrop,0.9379398592450416,5400,/home/windhurt/dl_projects/projects/satx-eurosat-geographic-generalization-study/outputs/runs/resnet50_ms_spatial_direct_pretrained_zscore_seed42/best.pt,0.9346153846153846,-0.003324474629657015,0.9379398592450416,0.0
baseline,MS_SPATIAL_DROP_BASELINE,0.0,MS_SPATIAL_DROP_P05,0.5,ATMOSPHERIC,ATMOSPHERIC,Forest,0.9740318906605923,5400,/home/windhurt/dl_projects/projects/satx-eurosat-geographic-generalization-study/outputs/runs/resnet50_ms_spatial_direct_pretrained_zscore_seed42/best.pt,0.9844179651695693,0.010386074508976995,0.9740318906605923,0.0
baseline,MS_SPATIAL_DROP_BASELINE,0.0,MS_SPATIAL_DROP_P05,0.5,ATMOSPHERIC,ATMOSPHERIC,HerbaceousVegetation,0.8952150211992732,5400,/home/windhurt/dl_projects/projects/satx-eurosat-geographic-generalization-study/outputs/runs/resnet50_ms_spatial_direct_pretrained_zscore_seed42/best.pt,0.9124260355029585,0.017211014303685324,0.8952150211992732,0.0
baseline,MS_SPATIAL_DROP_BASELINE,0.0,MS_SPATIAL_DROP_P05,0.5,ATMOSPHERIC,ATMOSPHERIC,Highway,0.9702380952380952,5400,/home/windhurt/dl_projects/projects/satx-eurosat-geographic-generalization-study/outputs/runs/resnet50_ms_spatial_direct_pretrained_zscore_seed42/best.pt,0.9672619047619048,-0.0029761904761904656,0.9702380952380952,0.0
baseline,MS_SPATIAL_DROP_BASELINE,0.0,MS_SPATIAL_DROP_P05,0.5,ATMOSPHERIC,ATMOSPHERIC,Industrial,0.960328317373461,5400,/home/windhurt/dl_projects/projects/satx-eurosat-geographic-generalization-study/outputs/runs/resnet50_ms_spatial_direct_pretrained_zscore_seed42/best.pt,0.9629629629629629,0.0026346455895018828,0.960328317373461,0.0
baseline,MS_SPATIAL_DROP_BASELINE,0.0,MS_SPATIAL_DROP_P05,0.5,ATMOSPHERIC,ATMOSPHERIC,Pasture,0.7046632124352331,5400,/home/windhurt/dl_projects/projects/satx-eurosat-geographic-generalization-study/outputs/runs/resnet50_ms_spatial_direct_pretrained_zscore_seed42/best.pt,0.6483516483516484,-0.05631156408358473,0.7046632124352331,0.0
baseline,MS_SPATIAL_DROP_BASELINE,0.0,MS_SPATIAL_DROP_P05,0.5,ATMOSPHERIC,ATMOSPHERIC,PermanentCrop,0.7758346581875993,5400,/home/windhurt/dl_projects/projects/satx-eurosat-geographic-generalization-study/outputs/runs/resnet50_ms_spatial_direct_pretrained_zscore_seed42/best.pt,0.8019323671497585,0.026097708962159127,0.7758346581875993,0.0
baseline,MS_SPATIAL_DROP_BASELINE,0.0,MS_SPATIAL_DROP_P05,0.5,ATMOSPHERIC,ATMOSPHERIC,Residential,0.9763779527559056,5400,/home/windhurt/dl_projects/projects/satx-eurosat-geographic-generalization-study/outputs/runs/resnet50_ms_spatial_direct_pretrained_zscore_seed42/best.pt,0.977205153617443,0.0008272008615374249,0.9763779527559056,0.0
baseline,MS_SPATIAL_DROP_BASELINE,0.0,MS_SPATIAL_DROP_P05,0.5,ATMOSPHERIC,ATMOSPHERIC,River,0.9879154078549849,5400,/home/windhurt/dl_projects/projects/satx-eurosat-geographic-generalization-study/outputs/runs/resnet50_ms_spatial_direct_pretrained_zscore_seed42/best.pt,0.9848942598187311,-0.0030211480362537513,0.9879154078549849,0.0
baseline,MS_SPATIAL_DROP_BASELINE,0.0,MS_SPATIAL_DROP_P05,0.5,ATMOSPHERIC,ATMOSPHERIC,SeaLake,0.989247311827957,5400,/home/windhurt/dl_projects/projects/satx-eurosat-geographic-generalization-study/outputs/runs/resnet50_ms_spatial_direct_pretrained_zscore_seed42/best.pt,0.9859343603482921,-0.0033129514796649273,0.989247311827957,0.0
baseline,MS_SPATIAL_DROP_BASELINE,0.0,MS_SPATIAL_DROP_P05,0.5,SWIR,SWIR,AnnualCrop,0.9244673983214977,5400,/home/windhurt/dl_projects/projects/satx-eurosat-geographic-generalization-study/outputs/runs/resnet50_ms_spatial_direct_pretrained_zscore_seed42/best.pt,0.9346153846153846,0.010147986293886913,0.9244673983214977,0.0
baseline,MS_SPATIAL_DROP_BASELINE,0.0,MS_SPATIAL_DROP_P05,0.5,SWIR,SWIR,Forest,0.9452253999030538,5400,/home/windhurt/dl_projects/projects/satx-eurosat-geographic-generalization-study/outputs/runs/resnet50_ms_spatial_direct_pretrained_zscore_seed42/best.pt,0.9844179651695693,0.03919256526651549,0.9452253999030538,0.0
baseline,MS_SPATIAL_DROP_BASELINE,0.0,MS_SPATIAL_DROP_P05,0.5,SWIR,SWIR,HerbaceousVegetation,0.8629903354178511,5400,/home/windhurt/dl_projects/projects/satx-eurosat-geographic-generalization-study/outputs/runs/resnet50_ms_spatial_direct_pretrained_zscore_seed42/best.pt,0.9124260355029585,0.04943570008510745,0.8629903354178511,0.0
baseline,MS_SPATIAL_DROP_BASELINE,0.0,MS_SPATIAL_DROP_P05,0.5,SWIR,SWIR,Highway,0.9556213017751479,5400,/home/windhurt/dl_projects/projects/satx-eurosat-geographic-generalization-study/outputs/runs/resnet50_ms_spatial_direct_pretrained_zscore_seed42/best.pt,0.9672619047619048,0.011640602986756843,0.9556213017751479,0.0
baseline,MS_SPATIAL_DROP_BASELINE,0.0,MS_SPATIAL_DROP_P05,0.5,SWIR,SWIR,Industrial,0.9653259361997226,5400,/home/windhurt/dl_projects/projects/satx-eurosat-geographic-generalization-study/outputs/runs/resnet50_ms_spatial_direct_pretrained_zscore_seed42/best.pt,0.9629629629629629,-0.0023629732367597134,0.9653259361997226,0.0
baseline,MS_SPATIAL_DROP_BASELINE,0.0,MS_SPATIAL_DROP_P05,0.5,SWIR,SWIR,Pasture,0.6451612903225806,5400,/home/windhurt/dl_projects/projects/satx-eurosat-geographic-generalization-study/outputs/runs/resnet50_ms_spatial_direct_pretrained_zscore_seed42/best.pt,0.6483516483516484,0.0031903580290677525,0.6451612903225806,0.0
baseline,MS_SPATIAL_DROP_BASELINE,0.0,MS_SPATIAL_DROP_P05,0.5,SWIR,SWIR,PermanentCrop,0.7831513260530422,5400,/home/windhurt/dl_projects/projects/satx-eurosat-geographic-generalization-study/outputs/runs/resnet50_ms_spatial_direct_pretrained_zscore_seed42/best.pt,0.8019323671497585,0.0187810410967163,0.7831513260530422,0.0
baseline,MS_SPATIAL_DROP_BASELINE,0.0,MS_SPATIAL_DROP_P05,0.5,SWIR,SWIR,Residential,0.9636015325670498,5400,/home/windhurt/dl_projects/projects/satx-eurosat-geographic-generalization-study/outputs/runs/resnet50_ms_spatial_direct_pretrained_zscore_seed42/best.pt,0.977205153617443,0.013603621050393144,0.9636015325670498,0.0
baseline,MS_SPATIAL_DROP_BASELINE,0.0,MS_SPATIAL_DROP_P05,0.5,SWIR,SWIR,River,0.9803921568627451,5400,/home/windhurt/dl_projects/projects/satx-eurosat-geographic-generalization-study/outputs/runs/resnet50_ms_spatial_direct_pretrained_zscore_seed42/best.pt,0.9848942598187311,0.004502102955986076,0.9803921568627451,0.0
baseline,MS_SPATIAL_DROP_BASELINE,0.0,MS_SPATIAL_DROP_P05,0.5,SWIR,SWIR,SeaLake,0.9813084112149533,5400,/home/windhurt/dl_projects/projects/satx-eurosat-geographic-generalization-study/outputs/runs/resnet50_ms_spatial_direct_pretrained_zscore_seed42/best.pt,0.9859343603482921,0.0046259491333388025,0.9813084112149533,0.0
dropout_selected,MS_SPATIAL_DROP_P05,0.5,MS_SPATIAL_DROP_P05,0.5,CLEAN,,AnnualCrop,0.9398353388220393,5400,/home/windhurt/dl_projects/projects/satx-eurosat-geographic-generalization-study/outputs/runs/resnet50_ms_spatial_direct_pretrained_zscore_seed42_drop_p50_dseed42/best.pt,0.9398353388220393,0.0,0.9346153846153846,0.0052199542066546645
dropout_selected,MS_SPATIAL_DROP_P05,0.5,MS_SPATIAL_DROP_P05,0.5,CLEAN,,Forest,0.9912321181356715,5400,/home/windhurt/dl_projects/projects/satx-eurosat-geographic-generalization-study/outputs/runs/resnet50_ms_spatial_direct_pretrained_zscore_seed42_drop_p50_dseed42/best.pt,0.9912321181356715,0.0,0.9844179651695693,0.006814152966102216
dropout_selected,MS_SPATIAL_DROP_P05,0.5,MS_SPATIAL_DROP_P05,0.5,CLEAN,,HerbaceousVegetation,0.8792682926829268,5400,/home/windhurt/dl_projects/projects/satx-eurosat-geographic-generalization-study/outputs/runs/resnet50_ms_spatial_direct_pretrained_zscore_seed42_drop_p50_dseed42/best.pt,0.8792682926829268,0.0,0.9124260355029585,-0.0331577428200317
dropout_selected,MS_SPATIAL_DROP_P05,0.5,MS_SPATIAL_DROP_P05,0.5,CLEAN,,Highway,0.9470672389127325,5400,/home/windhurt/dl_projects/projects/satx-eurosat-geographic-generalization-study/outputs/runs/resnet50_ms_spatial_direct_pretrained_zscore_seed42_drop_p50_dseed42/best.pt,0.9470672389127325,0.0,0.9672619047619048,-0.02019466584917229
dropout_selected,MS_SPATIAL_DROP_P05,0.5,MS_SPATIAL_DROP_P05,0.5,CLEAN,,Industrial,0.9558823529411765,5400,/home/windhurt/dl_projects/projects/satx-eurosat-geographic-generalization-study/outputs/runs/resnet50_ms_spatial_direct_pretrained_zscore_seed42_drop_p50_dseed42/best.pt,0.9558823529411765,0.0,0.9629629629629629,-0.007080610021786393
dropout_selected,MS_SPATIAL_DROP_P05,0.5,MS_SPATIAL_DROP_P05,0.5,CLEAN,,Pasture,0.6704545454545454,5400,/home/windhurt/dl_projects/projects/satx-eurosat-geographic-generalization-study/outputs/runs/resnet50_ms_spatial_direct_pretrained_zscore_seed42_drop_p50_dseed42/best.pt,0.6704545454545454,0.0,0.6483516483516484,0.022102897102897034
dropout_selected,MS_SPATIAL_DROP_P05,0.5,MS_SPATIAL_DROP_P05,0.5,CLEAN,,PermanentCrop,0.7049689440993789,5400,/home/windhurt/dl_projects/projects/satx-eurosat-geographic-generalization-study/outputs/runs/resnet50_ms_spatial_direct_pretrained_zscore_seed42_drop_p50_dseed42/best.pt,0.7049689440993789,0.0,0.8019323671497585,-0.09696342305037953
dropout_selected,MS_SPATIAL_DROP_P05,0.5,MS_SPATIAL_DROP_P05,0.5,CLEAN,,Residential,0.9079069767441861,5400,/home/windhurt/dl_projects/projects/satx-eurosat-geographic-generalization-study/outputs/runs/resnet50_ms_spatial_direct_pretrained_zscore_seed42_drop_p50_dseed42/best.pt,0.9079069767441861,0.0,0.977205153617443,-0.0692981768732569
dropout_selected,MS_SPATIAL_DROP_P05,0.5,MS_SPATIAL_DROP_P05,0.5,CLEAN,,River,0.9670658682634731,5400,/home/windhurt/dl_projects/projects/satx-eurosat-geographic-generalization-study/outputs/runs/resnet50_ms_spatial_direct_pretrained_zscore_seed42_drop_p50_dseed42/best.pt,0.9670658682634731,0.0,0.9848942598187311,-0.01782839155525806
dropout_selected,MS_SPATIAL_DROP_P05,0.5,MS_SPATIAL_DROP_P05,0.5,CLEAN,,SeaLake,0.9972826086956522,5400,/home/windhurt/dl_projects/projects/satx-eurosat-geographic-generalization-study/outputs/runs/resnet50_ms_spatial_direct_pretrained_zscore_seed42_drop_p50_dseed42/best.pt,0.9972826086956522,0.0,0.9859343603482921,0.011348248347360146
dropout_selected,MS_SPATIAL_DROP_P05,0.5,MS_SPATIAL_DROP_P05,0.5,VISIBLE,VISIBLE,AnnualCrop,0.9081433224755701,5400,/home/windhurt/dl_projects/projects/satx-eurosat-geographic-generalization-study/outputs/runs/resnet50_ms_spatial_direct_pretrained_zscore_seed42_drop_p50_dseed42/best.pt,0.9398353388220393,0.03169201634646923,0.8504359490274983,0.05770737344807175
dropout_selected,MS_SPATIAL_DROP_P05,0.5,MS_SPATIAL_DROP_P05,0.5,VISIBLE,VISIBLE,Forest,0.9763121226196005,5400,/home/windhurt/dl_projects/projects/satx-eurosat-geographic-generalization-study/outputs/runs/resnet50_ms_spatial_direct_pretrained_zscore_seed42_drop_p50_dseed42/best.pt,0.9912321181356715,0.014919995516070927,0.8621176470588235,0.114194475560777
dropout_selected,MS_SPATIAL_DROP_P05,0.5,MS_SPATIAL_DROP_P05,0.5,VISIBLE,VISIBLE,HerbaceousVegetation,0.8895382817066043,5400,/home/windhurt/dl_projects/projects/satx-eurosat-geographic-generalization-study/outputs/runs/resnet50_ms_spatial_direct_pretrained_zscore_seed42_drop_p50_dseed42/best.pt,0.8792682926829268,-0.010269989023677484,0.53501879057055,0.3545194911360543
dropout_selected,MS_SPATIAL_DROP_P05,0.5,MS_SPATIAL_DROP_P05,0.5,VISIBLE,VISIBLE,Highway,0.8850574712643678,5400,/home/windhurt/dl_projects/projects/satx-eurosat-geographic-generalization-study/outputs/runs/resnet50_ms_spatial_direct_pretrained_zscore_seed42_drop_p50_dseed42/best.pt,0.9470672389127325,0.06200976764836463,0.5975609756097561,0.2874964956546118
dropout_selected,MS_SPATIAL_DROP_P05,0.5,MS_SPATIAL_DROP_P05,0.5,VISIBLE,VISIBLE,Industrial,0.9280469897209985,5400,/home/windhurt/dl_projects/projects/satx-eurosat-geographic-generalization-study/outputs/runs/resnet50_ms_spatial_direct_pretrained_zscore_seed42_drop_p50_dseed42/best.pt,0.9558823529411765,0.02783536322017799,0.2773722627737226,0.6506747269472759
dropout_selected,MS_SPATIAL_DROP_P05,0.5,MS_SPATIAL_DROP_P05,0.5,VISIBLE,VISIBLE,Pasture,0.5,5400,/home/windhurt/dl_projects/projects/satx-eurosat-geographic-generalization-study/outputs/runs/resnet50_ms_spatial_direct_pretrained_zscore_seed42_drop_p50_dseed42/best.pt,0.6704545454545454,0.17045454545454541,0.08633093525179857,0.4136690647482014
dropout_selected,MS_SPATIAL_DROP_P05,0.5,MS_SPATIAL_DROP_P05,0.5,VISIBLE,VISIBLE,PermanentCrop,0.4954128440366973,5400,/home/windhurt/dl_projects/projects/satx-eurosat-geographic-generalization-study/outputs/runs/resnet50_ms_spatial_direct_pretrained_zscore_seed42_drop_p50_dseed42/best.pt,0.7049689440993789,0.20955610006268166,0.011204481792717087,0.4842083622439802
dropout_selected,MS_SPATIAL_DROP_P05,0.5,MS_SPATIAL_DROP_P05,0.5,VISIBLE,VISIBLE,Residential,0.8347386172006745,5400,/home/windhurt/dl_projects/projects/satx-eurosat-geographic-generalization-study/outputs/runs/resnet50_ms_spatial_direct_pretrained_zscore_seed42_drop_p50_dseed42/best.pt,0.9079069767441861,0.07316835954351153,0.1624548736462094,0.6722837435544652
dropout_selected,MS_SPATIAL_DROP_P05,0.5,MS_SPATIAL_DROP_P05,0.5,VISIBLE,VISIBLE,River,0.9652042360060514,5400,/home/windhurt/dl_projects/projects/satx-eurosat-geographic-generalization-study/outputs/runs/resnet50_ms_spatial_direct_pretrained_zscore_seed42_drop_p50_dseed42/best.pt,0.9670658682634731,0.0018616322574216415,0.9292929292929293,0.03591130671312215
dropout_selected,MS_SPATIAL_DROP_P05,0.5,MS_SPATIAL_DROP_P05,0.5,VISIBLE,VISIBLE,SeaLake,0.998641304347826,5400,/home/windhurt/dl_projects/projects/satx-eurosat-geographic-generalization-study/outputs/runs/resnet50_ms_spatial_direct_pretrained_zscore_seed42_drop_p50_dseed42/best.pt,0.9972826086956522,-0.0013586956521738358,0.9137181874612043,0.0849231168866218
dropout_selected,MS_SPATIAL_DROP_P05,0.5,MS_SPATIAL_DROP_P05,0.5,RED_EDGE_NIR,RED_EDGE_NIR,AnnualCrop,0.9286624203821656,5400,/home/windhurt/dl_projects/projects/satx-eurosat-geographic-generalization-study/outputs/runs/resnet50_ms_spatial_direct_pretrained_zscore_seed42_drop_p50_dseed42/best.pt,0.9398353388220393,0.01117291843987367,0.8800513149454778,0.048611105436687785
dropout_selected,MS_SPATIAL_DROP_P05,0.5,MS_SPATIAL_DROP_P05,0.5,RED_EDGE_NIR,RED_EDGE_NIR,Forest,0.979381443298969,5400,/home/windhurt/dl_projects/projects/satx-eurosat-geographic-generalization-study/outputs/runs/resnet50_ms_spatial_direct_pretrained_zscore_seed42_drop_p50_dseed42/best.pt,0.9912321181356715,0.011850674836702435,0.9241179313678105,0.05526351193115853
dropout_selected,MS_SPATIAL_DROP_P05,0.5,MS_SPATIAL_DROP_P05,0.5,RED_EDGE_NIR,RED_EDGE_NIR,HerbaceousVegetation,0.8375540457072267,5400,/home/windhurt/dl_projects/projects/satx-eurosat-geographic-generalization-study/outputs/runs/resnet50_ms_spatial_direct_pretrained_zscore_seed42_drop_p50_dseed42/best.pt,0.8792682926829268,0.04171424697570014,0.8118279569892473,0.025726088717979434
dropout_selected,MS_SPATIAL_DROP_P05,0.5,MS_SPATIAL_DROP_P05,0.5,RED_EDGE_NIR,RED_EDGE_NIR,Highway,0.9497847919655668,5400,/home/windhurt/dl_projects/projects/satx-eurosat-geographic-generalization-study/outputs/runs/resnet50_ms_spatial_direct_pretrained_zscore_seed42_drop_p50_dseed42/best.pt,0.9470672389127325,-0.002717553052834276,0.9661266568483063,-0.016341864882739587
dropout_selected,MS_SPATIAL_DROP_P05,0.5,MS_SPATIAL_DROP_P05,0.5,RED_EDGE_NIR,RED_EDGE_NIR,Industrial,0.9448584202682563,5400,/home/windhurt/dl_projects/projects/satx-eurosat-geographic-generalization-study/outputs/runs/resnet50_ms_spatial_direct_pretrained_zscore_seed42_drop_p50_dseed42/best.pt,0.9558823529411765,0.011023932672920234,0.9585121602288984,-0.01365373996064212
dropout_selected,MS_SPATIAL_DROP_P05,0.5,MS_SPATIAL_DROP_P05,0.5,RED_EDGE_NIR,RED_EDGE_NIR,Pasture,0.64,5400,/home/windhurt/dl_projects/projects/satx-eurosat-geographic-generalization-study/outputs/runs/resnet50_ms_spatial_direct_pretrained_zscore_seed42_drop_p50_dseed42/best.pt,0.6704545454545454,0.0304545454545454,0.5217391304347826,0.11826086956521742
dropout_selected,MS_SPATIAL_DROP_P05,0.5,MS_SPATIAL_DROP_P05,0.5,RED_EDGE_NIR,RED_EDGE_NIR,PermanentCrop,0.6396396396396397,5400,/home/windhurt/dl_projects/projects/satx-eurosat-geographic-generalization-study/outputs/runs/resnet50_ms_spatial_direct_pretrained_zscore_seed42_drop_p50_dseed42/best.pt,0.7049689440993789,0.06532930445973928,0.5152671755725191,0.12437246406712055
dropout_selected,MS_SPATIAL_DROP_P05,0.5,MS_SPATIAL_DROP_P05,0.5,RED_EDGE_NIR,RED_EDGE_NIR,Residential,0.9019963702359347,5400,/home/windhurt/dl_projects/projects/satx-eurosat-geographic-generalization-study/outputs/runs/resnet50_ms_spatial_direct_pretrained_zscore_seed42_drop_p50_dseed42/best.pt,0.9079069767441861,0.00591060650825137,0.9516587677725118,-0.049662397536577085
dropout_selected,MS_SPATIAL_DROP_P05,0.5,MS_SPATIAL_DROP_P05,0.5,RED_EDGE_NIR,RED_EDGE_NIR,River,0.9583333333333334,5400,/home/windhurt/dl_projects/projects/satx-eurosat-geographic-generalization-study/outputs/runs/resnet50_ms_spatial_direct_pretrained_zscore_seed42_drop_p50_dseed42/best.pt,0.9670658682634731,0.008732534930139702,0.8807947019867549,0.07753863134657846
dropout_selected,MS_SPATIAL_DROP_P05,0.5,MS_SPATIAL_DROP_P05,0.5,RED_EDGE_NIR,RED_EDGE_NIR,SeaLake,0.9812583668005355,5400,/home/windhurt/dl_projects/projects/satx-eurosat-geographic-generalization-study/outputs/runs/resnet50_ms_spatial_direct_pretrained_zscore_seed42_drop_p50_dseed42/best.pt,0.9972826086956522,0.016024241895116753,0.9245283018867925,0.056730064913742995
dropout_selected,MS_SPATIAL_DROP_P05,0.5,MS_SPATIAL_DROP_P05,0.5,ATMOSPHERIC,ATMOSPHERIC,AnnualCrop,0.9385687143761875,5400,/home/windhurt/dl_projects/projects/satx-eurosat-geographic-generalization-study/outputs/runs/resnet50_ms_spatial_direct_pretrained_zscore_seed42_drop_p50_dseed42/best.pt,0.9398353388220393,0.001266624445851794,0.9379398592450416,0.0006288551311458557
dropout_selected,MS_SPATIAL_DROP_P05,0.5,MS_SPATIAL_DROP_P05,0.5,ATMOSPHERIC,ATMOSPHERIC,Forest,0.9889400921658986,5400,/home/windhurt/dl_projects/projects/satx-eurosat-geographic-generalization-study/outputs/runs/resnet50_ms_spatial_direct_pretrained_zscore_seed42_drop_p50_dseed42/best.pt,0.9912321181356715,0.0022920259697728484,0.9740318906605923,0.014908201505306362
dropout_selected,MS_SPATIAL_DROP_P05,0.5,MS_SPATIAL_DROP_P05,0.5,ATMOSPHERIC,ATMOSPHERIC,HerbaceousVegetation,0.8728866624921728,5400,/home/windhurt/dl_projects/projects/satx-eurosat-geographic-generalization-study/outputs/runs/resnet50_ms_spatial_direct_pretrained_zscore_seed42_drop_p50_dseed42/best.pt,0.8792682926829268,0.006381630190753995,0.8952150211992732,-0.02232835870710037
dropout_selected,MS_SPATIAL_DROP_P05,0.5,MS_SPATIAL_DROP_P05,0.5,ATMOSPHERIC,ATMOSPHERIC,Highway,0.9514285714285714,5400,/home/windhurt/dl_projects/projects/satx-eurosat-geographic-generalization-study/outputs/runs/resnet50_ms_spatial_direct_pretrained_zscore_seed42_drop_p50_dseed42/best.pt,0.9470672389127325,-0.004361332515838923,0.9702380952380952,-0.01880952380952383
dropout_selected,MS_SPATIAL_DROP_P05,0.5,MS_SPATIAL_DROP_P05,0.5,ATMOSPHERIC,ATMOSPHERIC,Industrial,0.9464285714285714,5400,/home/windhurt/dl_projects/projects/satx-eurosat-geographic-generalization-study/outputs/runs/resnet50_ms_spatial_direct_pretrained_zscore_seed42_drop_p50_dseed42/best.pt,0.9558823529411765,0.00945378151260512,0.960328317373461,-0.01389974594488963
dropout_selected,MS_SPATIAL_DROP_P05,0.5,MS_SPATIAL_DROP_P05,0.5,ATMOSPHERIC,ATMOSPHERIC,Pasture,0.7486631016042781,5400,/home/windhurt/dl_projects/projects/satx-eurosat-geographic-generalization-study/outputs/runs/resnet50_ms_spatial_direct_pretrained_zscore_seed42_drop_p50_dseed42/best.pt,0.6704545454545454,-0.07820855614973266,0.7046632124352331,0.04399988916904496
dropout_selected,MS_SPATIAL_DROP_P05,0.5,MS_SPATIAL_DROP_P05,0.5,ATMOSPHERIC,ATMOSPHERIC,PermanentCrop,0.7134502923976608,5400,/home/windhurt/dl_projects/projects/satx-eurosat-geographic-generalization-study/outputs/runs/resnet50_ms_spatial_direct_pretrained_zscore_seed42_drop_p50_dseed42/best.pt,0.7049689440993789,-0.008481348298281843,0.7758346581875993,-0.062384365789938556
dropout_selected,MS_SPATIAL_DROP_P05,0.5,MS_SPATIAL_DROP_P05,0.5,ATMOSPHERIC,ATMOSPHERIC,Residential,0.9128014842300557,5400,/home/windhurt/dl_projects/projects/satx-eurosat-geographic-generalization-study/outputs/runs/resnet50_ms_spatial_direct_pretrained_zscore_seed42_drop_p50_dseed42/best.pt,0.9079069767441861,-0.004894507485869615,0.9763779527559056,-0.06357646852584986
dropout_selected,MS_SPATIAL_DROP_P05,0.5,MS_SPATIAL_DROP_P05,0.5,ATMOSPHERIC,ATMOSPHERIC,River,0.9773755656108597,5400,/home/windhurt/dl_projects/projects/satx-eurosat-geographic-generalization-study/outputs/runs/resnet50_ms_spatial_direct_pretrained_zscore_seed42_drop_p50_dseed42/best.pt,0.9670658682634731,-0.010309697347386626,0.9879154078549849,-0.010539842244125186
dropout_selected,MS_SPATIAL_DROP_P05,0.5,MS_SPATIAL_DROP_P05,0.5,ATMOSPHERIC,ATMOSPHERIC,SeaLake,0.998639455782313,5400,/home/windhurt/dl_projects/projects/satx-eurosat-geographic-generalization-study/outputs/runs/resnet50_ms_spatial_direct_pretrained_zscore_seed42_drop_p50_dseed42/best.pt,0.9972826086956522,-0.0013568470866607285,0.989247311827957,0.009392143954355947
dropout_selected,MS_SPATIAL_DROP_P05,0.5,MS_SPATIAL_DROP_P05,0.5,SWIR,SWIR,AnnualCrop,0.9408060453400504,5400,/home/windhurt/dl_projects/projects/satx-eurosat-geographic-generalization-study/outputs/runs/resnet50_ms_spatial_direct_pretrained_zscore_seed42_drop_p50_dseed42/best.pt,0.9398353388220393,-0.0009707065180111218,0.9244673983214977,0.0163386470185527
dropout_selected,MS_SPATIAL_DROP_P05,0.5,MS_SPATIAL_DROP_P05,0.5,SWIR,SWIR,Forest,0.9879963065558633,5400,/home/windhurt/dl_projects/projects/satx-eurosat-geographic-generalization-study/outputs/runs/resnet50_ms_spatial_direct_pretrained_zscore_seed42_drop_p50_dseed42/best.pt,0.9912321181356715,0.0032358115798081233,0.9452253999030538,0.04277090665280958
dropout_selected,MS_SPATIAL_DROP_P05,0.5,MS_SPATIAL_DROP_P05,0.5,SWIR,SWIR,HerbaceousVegetation,0.8611620795107033,5400,/home/windhurt/dl_projects/projects/satx-eurosat-geographic-generalization-study/outputs/runs/resnet50_ms_spatial_direct_pretrained_zscore_seed42_drop_p50_dseed42/best.pt,0.8792682926829268,0.018106213172223495,0.8629903354178511,-0.0018282559071477467
dropout_selected,MS_SPATIAL_DROP_P05,0.5,MS_SPATIAL_DROP_P05,0.5,SWIR,SWIR,Highway,0.9405099150141643,5400,/home/windhurt/dl_projects/projects/satx-eurosat-geographic-generalization-study/outputs/runs/resnet50_ms_spatial_direct_pretrained_zscore_seed42_drop_p50_dseed42/best.pt,0.9470672389127325,0.006557323898568224,0.9556213017751479,-0.01511138676098367
dropout_selected,MS_SPATIAL_DROP_P05,0.5,MS_SPATIAL_DROP_P05,0.5,SWIR,SWIR,Industrial,0.9329446064139941,5400,/home/windhurt/dl_projects/projects/satx-eurosat-geographic-generalization-study/outputs/runs/resnet50_ms_spatial_direct_pretrained_zscore_seed42_drop_p50_dseed42/best.pt,0.9558823529411765,0.02293774652718239,0.9653259361997226,-0.032381329785728497
dropout_selected,MS_SPATIAL_DROP_P05,0.5,MS_SPATIAL_DROP_P05,0.5,SWIR,SWIR,Pasture,0.6740331491712708,5400,/home/windhurt/dl_projects/projects/satx-eurosat-geographic-generalization-study/outputs/runs/resnet50_ms_spatial_direct_pretrained_zscore_seed42_drop_p50_dseed42/best.pt,0.6704545454545454,-0.0035786037167253593,0.6451612903225806,0.028871858848690146
dropout_selected,MS_SPATIAL_DROP_P05,0.5,MS_SPATIAL_DROP_P05,0.5,SWIR,SWIR,PermanentCrop,0.5631067961165048,5400,/home/windhurt/dl_projects/projects/satx-eurosat-geographic-generalization-study/outputs/runs/resnet50_ms_spatial_direct_pretrained_zscore_seed42_drop_p50_dseed42/best.pt,0.7049689440993789,0.1418621479828741,0.7831513260530422,-0.22004452993653734
dropout_selected,MS_SPATIAL_DROP_P05,0.5,MS_SPATIAL_DROP_P05,0.5,SWIR,SWIR,Residential,0.8409475465313029,5400,/home/windhurt/dl_projects/projects/satx-eurosat-geographic-generalization-study/outputs/runs/resnet50_ms_spatial_direct_pretrained_zscore_seed42_drop_p50_dseed42/best.pt,0.9079069767441861,0.0669594302128832,0.9636015325670498,-0.12265398603574695
dropout_selected,MS_SPATIAL_DROP_P05,0.5,MS_SPATIAL_DROP_P05,0.5,SWIR,SWIR,River,0.9550898203592815,5400,/home/windhurt/dl_projects/projects/satx-eurosat-geographic-generalization-study/outputs/runs/resnet50_ms_spatial_direct_pretrained_zscore_seed42_drop_p50_dseed42/best.pt,0.9670658682634731,0.0119760479041916,0.9803921568627451,-0.025302336503463585
dropout_selected,MS_SPATIAL_DROP_P05,0.5,MS_SPATIAL_DROP_P05,0.5,SWIR,SWIR,SeaLake,0.9979633401221996,5400,/home/windhurt/dl_projects/projects/satx-eurosat-geographic-generalization-study/outputs/runs/resnet50_ms_spatial_direct_pretrained_zscore_seed42_drop_p50_dseed42/best.pt,0.9972826086956522,-0.000680731426547343,0.9813084112149533,0.01665492890724629
